{
  "name": "even-pickier-dollies",
  "version": "2.4.1",
  "factorio_version": "2.0",
  "title": "Even Pickier Dollies",
  "author": "hgschmie",
  "contact": "https://github.com/hgschmie/factorio-even-pickier-dollies/issues",
  "homepage": "https://github.com/hgschmie/factorio-even-pickier-dollies",
  "dependencies": [
    "base >= 2.0.21",
    "! PickerDollies"
  ],
  "description": "Move and rotate most placed entities.",
  "package": {
    "git_publish_branch": "main",
    "readme": ".portal/README.md",
    "sync_portal_details": true
  }
}
